{"cameraMode":{"drawMode":0,"name":"Shaded","section":"Shading Mode"},"sceneLighting":true,"audioPlay":false,"sceneViewState":{"m_AlwaysRefresh":false,"showFog":true,"showSkybox":true,"showFlares":true,"showImageEffects":true,"showParticleSystems":true,"showVisualEffectGraphs":true,"m_FxEnabled":true},"in2DMode":false,"pivot":{"x":2.803922414779663,"y":-4.858414649963379,"z":13.168201446533204},"rotation":{"x":-0.16159245371818543,"y":-0.00829229038208723,"z":0.0013579498045146466,"w":-0.9868229627609253},"size":21.67933464050293,"orthographic":false}